"Riga","Colonna","NumeroDiRighe","Commento"
"3","1","1","questa è la lunghezza da mantenere ""           """
"11","1","2","0a a a
    yoyo"
"17","9","1","TODO code application logic here"
"20","1","1","aa"
"23","66","1","opens a connection to an actual file"
"36","6","1","il mio primo commento"
"39","13","1","il mio costruttore"
"44","29","1","questo non è un debito"
"44","67","1","questo è un debito"
"47","13","1","in questo commento io uso*/ che va bene"
"49","13","3","* un commento valido"
"53","45","1","questo commento"
"56","14","1","un altro commento valido"
"57","45","1","int p2,"
"59","14","3","scrivo qualcosa"
"64","9","1","questo viene riconosciuto"""""";"
